,Locus tag,description,UTR length,PAM exist,PAM num,PAM strand,PAM sites
4,PP0009,50S ribosomal protein L34,38,True,1,-,"[('TGG', 70, 9054)]"
5,PP0010,chromosome replication initiator DnaA,109,True,4,+,"[('AGG', 92, 9341), ('TGG', 81, 9352), ('GGG', 80, 9353), ('GGG', 79, 9354)]"
7,PP0018,hypothetical protein,14,True,4,+,"[('CCA', 100, 23062), ('GGG', 92, 23070), ('GGG', 91, 23071), ('AGG', 70, 23092)]"
13,PP0028,hypothetical protein,10,True,1,-,"[('CCG', 92, 32305)]"
14,PP0029,DNA-binding response regulator CzrR,208,True,5,+,"[('CCG', 103, 32582), ('CCT', 92, 32593), ('TGG', 88, 32597), ('CCG', 82, 32603), ('AGG', 70, 32615)]"
16,PP0039,hypothetical protein,124,True,3,+,"[('CCC', 83, 41850), ('CCT', 82, 41851), ('CCT', 79, 41854)]"
18,PP0055,LysR family transcriptional regulator,104,True,2,-,"[('CCA', 89, 64908), ('TGG', 71, 64890)]"
32,PP0114,DL-methionine transporter ATP-binding subunit,29,True,2,-,"[('CCG', 103, 119959), ('TGG', 79, 119935)]"
50,PP0169,TauD/TfdA family dioxygenase,94,True,1,+,"[('CCC', 89, 221046)]"
53,PP0185,LytTR family two component transcriptional regulator,107,True,1,+,"[('AGG', 82, 236931)]"
56,PP0192,peptidyl-prolyl cis-trans isomerase FklB,12,True,2,-,"[('AGG', 82, 244264), ('GGG', 81, 244263)]"
60,PP0203,hypothetical protein,120,True,4,-,"[('CCG', 82, 255318), ('AGG', 81, 255317), ('TGG', 69, 255305), ('GGG', 68, 255304)]"
62,PP0213,succinate-semialdehyde dehydrogenase I,22,True,1,+,"[('CCT', 81, 263147)]"
65,PP0227,cystine transporter subunit,136,True,2,-,"[('CGG', 89, 281264), ('AGG', 78, 281253)]"
66,PP0234,porin,111,True,2,+,"[('CCT', 103, 288368), ('TGG', 70, 288401)]"
72,PP0265,"dTDP-4-dehydrorhamnose 3,5-epimerase",16,True,2,-,"[('CCT', 90, 320435), ('CCA', 79, 320424)]"
73,PP0268,porin,156,True,2,+,"[('CCA', 90, 324469), ('CCG', 81, 324478)]"
80,PP0284,GABA permease,226,True,2,+,"[('TGG', 71, 341187), ('GGG', 70, 341188)]"
84,PP0296,glycine/betaine ABC transporter substrate-binding protein,290,True,4,-,"[('CGG', 89, 356582), ('GGG', 88, 356581), ('CCG', 82, 356575), ('CCT', 79, 356572)]"
86,PP0318,hypothetical protein,14,True,3,+,"[('CCC', 89, 382708), ('CGG', 79, 382718), ('GGG', 78, 382719)]"
90,PP0340,bifunctional glutamine-synthetase adenylyltransferase/deadenyltransferase,273,True,3,+,"[('CCA', 99, 410675), ('AGG', 91, 410683), ('CCA', 82, 410692)]"
91,PP0339,pyruvate dehydrogenase subunit E1,212,True,1,-,"[('TGG', 88, 410963)]"
92,PP0341,lipopolysaccharide heptosyltransferase II,14,True,2,+,"[('AGG', 90, 414079), ('TGG', 78, 414091)]"
99,PP0390,DNA-binding/iron metalloprotein/AP endonuclease,6,True,4,+,"[('CCC', 100, 475603), ('CCT', 99, 475604), ('CCG', 89, 475614), ('CGG', 91, 475612)]"
116,PP0437,biotin--protein ligase,295,True,3,+,"[('CCC', 83, 529709), ('CCG', 82, 529710), ('AGG', 72, 529720)]"
119,PP0440,elongation factor Tu,14,True,1,+,"[('CGG', 90, 532632)]"
124,PP0447,DNA-directed RNA polymerase subunit beta,108,True,4,+,"[('CCT', 103, 537412), ('CCA', 93, 537422), ('CCT', 89, 537426), ('TGG', 68, 537447)]"
125,PP0449,30S ribosomal protein S12,68,True,4,+,"[('CGG', 80, 546024), ('GGG', 79, 546025), ('AGG', 71, 546033), ('GGG', 70, 546034)]"
128,PP0453,30S ribosomal protein S10,35,True,6,+,"[('CCC', 82, 550544), ('CCC', 81, 550545), ('CCC', 80, 550546), ('CCG', 79, 550547), ('GGG', 72, 550554), ('GGG', 71, 550555)]"
145,PP0489,,41,True,2,+,"[('CCA', 92, 574831), ('TGG', 69, 574854)]"
147,PP0498,hypothetical protein,63,True,2,-,"[('TGG', 88, 588796), ('TGG', 82, 588790)]"
149,PP0500,dTDP-4-dehydrorhamnose reductase,181,True,1,+,"[('CCA', 102, 589594)]"
153,PP0526,"ISPpu10, transposase",150,True,3,+,"[('CCA', 99, 610855), ('CCG', 82, 610872), ('CCG', 79, 610875)]"
155,PP0530,"3,4-dihydroxy-2-butanone 4-phosphate synthase",186,True,1,-,"[('GGG', 72, 616559)]"
156,PP0540,hypothetical protein,15,True,5,-,"[('CCC', 103, 627310), ('CCC', 102, 627309), ('CCG', 101, 627308), ('CGG', 89, 627296), ('GGG', 88, 627295)]"
160,PP0564,hypothetical protein,43,True,4,+,"[('CCC', 102, 656424), ('CCT', 101, 656425), ('CGG', 89, 656437), ('GGG', 88, 656438)]"
162,PP0574,LuxR family transcriptional regulator,10,True,2,-,"[('CCA', 100, 673629), ('CCG', 92, 673621)]"
163,PP0575,hypothetical protein,11,True,3,-,"[('CCG', 89, 674208), ('CCA', 83, 674202), ('CCG', 79, 674198)]"
174,PP0625,"ATP-dependent Clp protease, ATP-binding subunit ClpB",52,True,4,+,"[('CCC', 93, 730316), ('CCG', 92, 730317), ('AGG', 82, 730327), ('TGG', 72, 730337)]"
176,PP0634,fimbrial protein pilin,3,True,3,+,"[('CCC', 103, 740737), ('CCG', 102, 740738), ('AGG', 71, 740769)]"
178,PP0648,hypothetical protein,72,True,2,+,"[('TGG', 88, 757219), ('CCT', 80, 757227)]"
182,PP0672,sensory box protein,59,True,3,-,"[('CCA', 103, 786087), ('CCA', 100, 786084), ('TGG', 90, 786074)]"
187,PP0690,GTPase ObgE,71,True,4,+,"[('CCA', 101, 801344), ('CCC', 93, 801352), ('CCG', 92, 801353), ('GGG', 82, 801363)]"
191,PP0704,ECF subfamily RNA polymerase sigma factor,61,True,3,-,"[('CCT', 103, 818839), ('CCA', 100, 818836), ('CCA', 80, 818816)]"
193,PP0722,ribose-phosphate pyrophosphokinase,21,True,2,-,"[('CCA', 89, 839807), ('AGG', 82, 839800)]"
201,PP0751,malate:quinone oxidoreductase,171,True,2,-,"[('CCG', 83, 869841), ('AGG', 70, 869828)]"
203,PP0759,hypothetical protein,5,True,4,+,"[('CCC', 93, 874324), ('CCT', 92, 874325), ('AGG', 90, 874327), ('AGG', 68, 874349)]"
204,PP0767,LuxR family transcriptional regulator,15,True,1,+,"[('CCG', 81, 883994)]"
208,PP0786,thioredoxin reductase,106,True,3,+,"[('AGG', 92, 901414), ('CCT', 81, 901425), ('AGG', 78, 901428)]"
210,PP0792,DNA-binding transcriptional regulator FruR,78,True,1,-,"[('CGG', 69, 909355)]"
224,PP0837,hypothetical protein,6,True,1,+,"[('CCT', 103, 974500)]"
232,PP0871,binding-protein-dependent transport system inner membrane protein,140,True,2,-,"[('CCC', 93, 1011295), ('CCA', 92, 1011294)]"
233,PP0885,peptide ABC transporter substrate-binding protein,35,True,1,-,"[('CCA', 81, 1028855)]"
238,PP0897,"Fe-S type, tartrate/fumarate subfamily hydro-lyase subunit alpha",28,True,2,-,"[('CCT', 79, 1039501), ('CGG', 71, 1039493)]"
239,PP0901,winged helix family two component transcriptional regulator,19,True,1,+,"[('CCG', 83, 1041416)]"
241,PP0914,diguanylate cyclase,24,True,1,-,"[('CCA', 91, 1058186)]"
254,PP0975,histone family protein DNA-binding protein,104,True,2,+,"[('CCA', 91, 1113329), ('CGG', 72, 1113348)]"
255,PP0980,leucyl aminopeptidase,130,True,5,-,"[('CCA', 102, 1120490), ('CCG', 90, 1120478), ('CGG', 92, 1120480), ('CCA', 82, 1120470), ('AGG', 81, 1120469)]"
256,PP0982,YjgP/YjgQ family permease,79,True,4,+,"[('CCC', 93, 1120388), ('CCC', 92, 1120389), ('CCG', 91, 1120390), ('CCT', 81, 1120400)]"
257,PP0984,RDD domain-containing protein,210,True,2,-,"[('TGG', 88, 1123662), ('GGG', 72, 1123646)]"
262,PP1002,arginine/ornithine antiporter,93,True,2,-,"[('AGG', 81, 1142602), ('AGG', 72, 1142593)]"
265,PP1009,"glyceraldehyde-3-phosphate dehydrogenase, type I",67,True,2,-,"[('CCA', 83, 1151161), ('CCA', 79, 1151157)]"
275,PP1037,phosphoribosylformylglycinamidine synthase,18,True,3,+,"[('CGG', 89, 1184689), ('CCG', 81, 1184697), ('AGG', 72, 1184706)]"
276,PP1071,amino acid ABC transporter substrate-binding protein,11,True,1,-,"[('TGG', 80, 1226581)]"
280,PP1082,bacterioferritin,8,True,1,-,"[('CCT', 93, 1242567)]"
281,PP1083,BFD (2Fe-2S)-binding domain-containing protein,7,True,3,-,"[('CCA', 93, 1242984), ('CCG', 90, 1242981), ('CGG', 92, 1242983)]"
282,PP1084,anti-oxidant AhpCTSA family protein,54,True,1,+,"[('TGG', 70, 1242985)]"
284,PP1099,cold-shock domain-contain protein,144,True,7,-,"[('CCC', 100, 1257374), ('CCT', 99, 1257373), ('CCC', 93, 1257367), ('CCG', 92, 1257366), ('CGG', 89, 1257363), ('GGG', 88, 1257362), ('GGG', 82, 1257356)]"
285,PP1100,deoxycytidine triphosphate deaminase,4,True,5,+,"[('CCC', 91, 1257363), ('CCG', 90, 1257364), ('CGG', 92, 1257362), ('AGG', 80, 1257374), ('GGG', 79, 1257375)]"
298,PP1142,hypothetical protein,188,True,1,+,"[('TGG', 69, 1307654)]"
299,PP1144,diguanylate cyclase,4,True,1,-,"[('AGG', 89, 1311625)]"
304,PP1157,acetolactate synthase,64,True,2,+,"[('TGG', 89, 1330623), ('CCT', 83, 1330629)]"
305,PP1177,ribonucleotide-diphosphate reductase subunit beta,138,True,3,-,"[('CCC', 89, 1352011), ('AGG', 82, 1352004), ('CGG', 72, 1351994)]"
309,PP1193,hypothetical protein,112,True,1,+,"[('CCT', 103, 1367354)]"
317,PP1206,porin,80,True,1,-,"[('CGG', 78, 1386614)]"
324,PP1231,quinolinate synthetase,84,True,4,+,"[('CCC', 101, 1409146), ('CCG', 100, 1409147), ('CCC', 80, 1409167), ('CCC', 79, 1409168)]"
327,PP1244,hypothetical protein,46,True,3,-,"[('CCA', 92, 1420150), ('CGG', 81, 1420139), ('CGG', 72, 1420130)]"
329,PP1250,group II intron-encoding maturase,279,True,5,+,"[('CCA', 92, 1425732), ('TGG', 90, 1425734), ('GGG', 89, 1425735), ('TGG', 81, 1425743), ('AGG', 78, 1425746)]"
332,PP1262,LysR family transcriptional regulator,14,True,1,-,"[('CCA', 80, 1444279)]"
333,PP1291,PhoH family protein,104,True,2,+,"[('CGG', 78, 1477165), ('TGG', 72, 1477171)]"
339,PP1315,50S ribosomal protein L13,138,True,2,+,"[('CCA', 90, 1502970), ('AGG', 82, 1502978)]"
347,PP1328,cell division protein MraZ,39,True,2,+,"[('CGG', 81, 1513242), ('AGG', 71, 1513252)]"
356,PP1360,co-chaperonin GroES,111,True,1,+,"[('CCT', 89, 1549060)]"
359,PP1374,hypothetical protein,109,True,3,-,"[('CCA', 79, 1566029), ('AGG', 70, 1566020), ('GGG', 69, 1566019)]"
360,PP1376,benzoate transport,169,True,1,+,"[('GGG', 72, 1567276)]"
361,PP1387,TetR family transcriptional regulator,5,True,2,+,"[('CCT', 93, 1582714), ('AGG', 69, 1582738)]"
362,PP1389,carboxyphosphonoenolpyruvate phosphonomutase,140,True,2,+,"[('CCA', 93, 1585156), ('TGG', 68, 1585181)]"
365,PP1407,sulfate transporter,260,True,4,-,"[('CCA', 99, 1606609), ('CCG', 89, 1606599), ('TGG', 71, 1606581), ('GGG', 70, 1606580)]"
370,PP1419,porin,46,True,1,-,"[('CCA', 101, 1620381)]"
372,PP1426,L-aspartate oxidase,275,True,2,-,"[('CCA', 99, 1627212), ('GGG', 92, 1627205)]"
373,PP1427,RNA polymerase sigma factor AlgU,22,True,5,+,"[('CCA', 93, 1627158), ('GGG', 92, 1627159), ('AGG', 70, 1627181), ('GGG', 69, 1627182), ('GGG', 68, 1627183)]"
389,PP1526,beta-(1-3)-glucosyl transferase,1,True,2,-,"[('CCA', 81, 1733951), ('TGG', 72, 1733942)]"
394,PP1551,phage replication protein O,22,True,5,+,"[('CCT', 99, 1750521), ('CCT', 90, 1750530), ('CCA', 83, 1750537), ('TGG', 79, 1750541), ('GGG', 78, 1750542)]"
399,PP1591,30S ribosomal protein S2,47,True,2,+,"[('GGG', 82, 1785118), ('GGG', 81, 1785119)]"
424,PP1665,phosphoribosylaminoimidazole synthetase,33,True,5,-,"[('CCC', 91, 1862118), ('CCG', 90, 1862117), ('CGG', 92, 1862119), ('CCC', 83, 1862110), ('CCT', 82, 1862109)]"
427,PP1691,hypothetical protein,30,True,3,-,"[('CCT', 102, 1883799), ('CCT', 83, 1883780), ('TGG', 82, 1883779)]"
428,PP1701,small multidrug resistance protein,71,True,2,-,"[('CGG', 89, 1897233), ('GGG', 88, 1897232)]"
439,PP1767,DNA gyrase subunit A,122,True,1,+,"[('CCA', 80, 1970870)]"
444,PP1776,mannose-6-phosphate isomerase,115,True,6,+,"[('TGG', 92, 1983603), ('CCT', 82, 1983613), ('CGG', 82, 1983613), ('GGG', 81, 1983614), ('GGG', 80, 1983615), ('GGG', 79, 1983616)]"
447,PP1781,O-acyltransferase,92,True,4,-,"[('CCG', 101, 1994941), ('TGG', 89, 1994929), ('CCG', 83, 1994923), ('CCA', 80, 1994920)]"
449,PP1785,"dTDP-glucose 4,6-dehydratase",36,True,4,-,"[('CCG', 100, 1999615), ('CCA', 93, 1999608), ('GGG', 72, 1999587), ('TGG', 69, 1999584)]"
455,PP1807,2-dehydro-3-deoxyphosphooctonate aldolase,8,True,2,-,"[('CGG', 81, 2032333), ('CGG', 70, 2032322)]"
459,PP1819,methyl-accepting chemotaxis sensory transducer,110,True,3,+,"[('CCG', 89, 2044588), ('AGG', 79, 2044598), ('GGG', 78, 2044599)]"
464,PP1833,hypothetical protein,54,True,3,-,"[('CCG', 100, 2058368), ('CCC', 82, 2058350), ('CCG', 81, 2058349)]"
467,PP1840,hypothetical protein,70,True,3,+,"[('CCA', 103, 2063591), ('AGG', 81, 2063613), ('TGG', 70, 2063624)]"
468,PP1841,cytochrome c family protein,214,True,3,-,"[('CCC', 80, 2065291), ('CCT', 79, 2065290), ('AGG', 71, 2065282)]"
470,PP1846,group II intron-encoding maturase,280,True,4,+,"[('CCA', 91, 2069256), ('TGG', 89, 2069258), ('GGG', 88, 2069259), ('TGG', 80, 2069267)]"
473,PP1865,"ISPpu8, transposase",30,True,3,+,"[('CCA', 102, 2085754), ('CCG', 89, 2085767), ('AGG', 68, 2085788)]"
474,PP1868,DEAD/DEAH box helicase,190,True,3,+,"[('CCT', 102, 2090383), ('TGG', 91, 2090394), ('TGG', 80, 2090405)]"
475,PP1872,aminotransferase,21,True,2,-,"[('CCG', 100, 2096598), ('TGG', 91, 2096589)]"
476,PP1873,methionine sulfoxide reductase B,27,True,5,+,"[('CCG', 101, 2096517), ('AGG', 90, 2096528), ('GGG', 89, 2096529), ('CGG', 79, 2096539), ('GGG', 78, 2096540)]"
478,PP1878,hypothetical protein,64,True,2,-,"[('CCT', 99, 2102470), ('TGG', 90, 2102461)]"
484,PP1906,,207,True,6,+,"[('CCG', 102, 2151008), ('CCG', 90, 2151020), ('CGG', 92, 2151018), ('GGG', 91, 2151019), ('TGG', 81, 2151029), ('CGG', 68, 2151042)]"
490,PP1915,acyl carrier protein,95,True,2,+,"[('CGG', 90, 2158410), ('GGG', 89, 2158411)]"
491,PP1921,hypothetical protein,35,True,2,+,"[('AGG', 92, 2166810), ('GGG', 91, 2166811)]"
495,PP1964,deoxynucleotide monophosphate kinase,4,True,1,-,"[('AGG', 81, 2227486)]"
497,PP1972,aromatic amino acid aminotransferase,39,True,4,-,"[('CCC', 91, 2234735), ('CCC', 90, 2234734), ('CCA', 89, 2234733), ('CGG', 69, 2234713)]"
500,PP1982,heat shock protein Hsp20,31,True,4,+,"[('CCA', 100, 2245631), ('CCC', 92, 2245639), ('CCC', 91, 2245640), ('CCG', 90, 2245641)]"
502,PP1992,aspartate-semialdehyde dehydrogenase,220,True,3,+,"[('CCC', 99, 2258018), ('CCG', 91, 2258026), ('GGG', 72, 2258045)]"
509,PP2018,BNR repeat-containing protein,101,True,7,+,"[('CCC', 103, 2290446), ('CCG', 102, 2290447), ('CCC', 92, 2290457), ('CCG', 91, 2290458), ('CCC', 81, 2290468), ('CCC', 80, 2290469), ('CCG', 79, 2290470)]"
511,PP2026,hypothetical protein,62,True,1,-,"[('TGG', 80, 2302913)]"
514,PP2082,phosphoenolpyruvate synthase,91,True,2,+,"[('TGG', 92, 2372987), ('GGG', 91, 2372988)]"
516,PP2089,OmpF family protein,7,True,1,+,"[('CGG', 79, 2380251)]"
518,PP2105,hypothetical protein,110,True,4,-,"[('TGG', 91, 2403262), ('TGG', 80, 2403251), ('GGG', 79, 2403250), ('TGG', 69, 2403240)]"
519,PP2106,Rh family protein/ammonium transporter,50,True,3,+,"[('CCG', 103, 2403221), ('CCC', 89, 2403235), ('CCA', 83, 2403241)]"
521,PP2118,hypothetical protein,29,True,1,-,"[('AGG', 92, 2416900)]"
523,PP2127,sensor histidine kinase,64,True,4,-,"[('CCC', 101, 2427058), ('CCG', 100, 2427057), ('CCC', 91, 2427048), ('CCG', 90, 2427047)]"
525,PP2134,"ISPpu10, transposase",150,True,2,+,"[('CCG', 81, 2435226), ('CGG', 81, 2435226)]"
530,PP2154,lipoprotein releasing system transmembrane protein LolC/E family,5,True,5,+,"[('TGG', 89, 2460908), ('CCC', 79, 2460918), ('AGG', 78, 2460919), ('CGG', 72, 2460925), ('CGG', 69, 2460928)]"
533,PP2165,response regulator,112,True,1,+,"[('CGG', 88, 2470236)]"
539,PP2187,universal stress protein,29,True,2,-,"[('CCG', 81, 2494747), ('CGG', 80, 2494746)]"
543,PP2219,hypothetical protein,9,True,3,+,"[('CCC', 99, 2530654), ('CCG', 91, 2530662), ('GGG', 72, 2530681)]"
544,PP2223,hypothetical protein,183,True,2,+,"[('CGG', 82, 2531964), ('GGG', 81, 2531965)]"
549,PP2240,ABC transporter,255,True,2,+,"[('CCC', 102, 2553663), ('CCG', 101, 2553664)]"
552,PP2257,aerotaxis receptor Aer-1,107,True,1,+,"[('CCA', 99, 2573039)]"
555,PP2265,"bifunctional 5,10-methylene-tetrahydrofolate dehydrogenase/ 5,10-methylene-tetrahydrofolate cyclohydrolase",175,True,1,-,"[('CCT', 79, 2585748)]"
558,PP2277,hypothetical protein,68,True,7,+,"[('TGG', 89, 2598505), ('GGG', 88, 2598506), ('TGG', 81, 2598513), ('CGG', 71, 2598523), ('GGG', 70, 2598524), ('GGG', 69, 2598525), ('GGG', 68, 2598526)]"
561,PP2296,hypothetical protein,5,True,2,+,"[('CGG', 91, 2624313), ('GGG', 90, 2624314)]"
571,PP2312,lytic transglycosylase,3,True,2,+,"[('CCA', 92, 2641643), ('TGG', 72, 2641663)]"
572,PP2314,hypothetical protein,68,True,1,+,"[('GGG', 92, 2643783)]"
574,PP2323,hypothetical protein,78,True,2,+,"[('CGG', 88, 2650638), ('TGG', 82, 2650644)]"
575,PP2324,phospho-2-dehydro-3-deoxyheptonate aldolase,19,True,5,-,"[('AGG', 92, 2652528), ('CCC', 80, 2652516), ('CCC', 79, 2652515), ('TGG', 71, 2652507), ('GGG', 70, 2652506)]"
577,PP2340,hypothetical protein,212,True,6,+,"[('CCC', 91, 2672384), ('CCA', 90, 2672385), ('CCG', 80, 2672395), ('CGG', 80, 2672395), ('TGG', 72, 2672403), ('GGG', 71, 2672404)]"
578,PP2339,bifunctional aconitate hydratase 2/2-methylisocitrate dehydratase,256,True,1,-,"[('CCA', 93, 2672666)]"
591,PP2375,B12-dependent methionine synthase,1,True,3,-,"[('CCC', 103, 2715207), ('CCG', 102, 2715206), ('CCC', 99, 2715203)]"
603,PP2454,monosaccharide-transporting ATPase,67,True,1,+,"[('AGG', 92, 2800499)]"
606,PP2463,cold shock protein CspA,33,True,2,-,"[('CCA', 102, 2808922), ('TGG', 92, 2808912)]"
607,PP2465,threonyl-tRNA synthetase,144,True,5,+,"[('CCA', 92, 2809358), ('CCT', 79, 2809371), ('TGG', 80, 2809370), ('GGG', 79, 2809371), ('GGG', 78, 2809372)]"
614,PP2475,TetR family transcriptional regulator,21,True,2,+,"[('TGG', 80, 2821621), ('GGG', 79, 2821622)]"
619,PP2505,GAF domain/GGDEF domain-containing protein,46,True,1,-,"[('CCG', 82, 2853459)]"
620,PP2536,glutathione S-transferase,3,True,1,-,"[('GGG', 82, 2882096)]"
623,PP2570,"ISPpu9, transposase",208,True,2,-,"[('CCG', 103, 2939365), ('CGG', 70, 2939332)]"
625,PP2575,hypothetical protein,233,True,3,-,"[('CCA', 92, 2942524), ('AGG', 90, 2942522), ('CCG', 81, 2942513)]"
626,PP2579,hypothetical protein,79,True,2,-,"[('AGG', 79, 2947679), ('GGG', 78, 2947678)]"
628,PP2639,dihydrodipicolinate synthase,230,True,3,+,"[('AGG', 88, 3023001), ('GGG', 72, 3023017), ('GGG', 71, 3023018)]"
633,PP2681,pyrroloquinoline quinone biosynthesis protein PqqD,160,True,5,+,"[('CCC', 102, 3070524), ('CCG', 101, 3070525), ('CCG', 90, 3070536), ('CGG', 92, 3070534), ('TGG', 81, 3070545)]"
641,PP2841,phage integrase site specific recombinase,146,True,4,+,"[('AGG', 82, 3245518), ('TGG', 72, 3245528), ('GGG', 71, 3245529), ('GGG', 70, 3245530)]"
648,PP2862,UDP pyrophosphate phosphatase,103,True,2,+,"[('CGG', 88, 3264653), ('AGG', 82, 3264659)]"
651,PP2875,hypothetical protein,106,True,3,-,"[('CCG', 102, 3276903), ('TGG', 91, 3276892), ('GGG', 90, 3276891)]"
655,PP2899,hypothetical protein,7,True,4,+,"[('CCC', 90, 3296896), ('CCC', 89, 3296897), ('AGG', 82, 3296904), ('CGG', 68, 3296918)]"
659,PP2903,peptidyl-prolyl cis-trans isomerase B,80,True,2,-,"[('CCG', 103, 3301586), ('CCG', 79, 3301562)]"
678,PP3089,hypothetical protein,13,True,6,-,"[('CCA', 102, 3478718), ('CGG', 90, 3478706), ('CCG', 81, 3478697), ('GGG', 82, 3478698), ('GGG', 81, 3478697), ('AGG', 72, 3478688)]"
681,PP3126,polysaccharide export protein,164,True,2,+,"[('CCT', 89, 3537344), ('CCT', 82, 3537351)]"
686,PP3142,sugar transferase,61,True,3,+,"[('CGG', 72, 3557569), ('GGG', 71, 3557570), ('TGG', 68, 3557573)]"
687,PP3185,TenA family transcriptional activator,135,True,3,+,"[('CGG', 79, 3613914), ('CGG', 70, 3613923), ('GGG', 69, 3613924)]"
692,PP3293,hypothetical protein,3,True,3,-,"[('CCT', 102, 3728022), ('CCG', 81, 3728001), ('AGG', 71, 3727991)]"
696,PP3314,heat shock protein 20,38,True,2,-,"[('CCG', 81, 3750458), ('GGG', 72, 3750449)]"
702,PP3384,gluconate 2-dehydrogenase,44,True,1,-,"[('CCG', 81, 3832248)]"
710,PP3431,ThiJ/PfpI domain-containing protein,38,True,4,+,"[('CCC', 93, 3887865), ('CCG', 92, 3887866), ('TGG', 92, 3887866), ('TGG', 88, 3887870)]"
713,PP3448,bacteriophage N4 adsorption protein B,38,True,3,+,"[('CCC', 93, 3905385), ('CCG', 92, 3905386), ('CGG', 71, 3905407)]"
720,PP3502,"ISPpu10, transposase",149,True,3,+,"[('TGG', 92, 3971756), ('CGG', 79, 3971769), ('CGG', 68, 3971780)]"
721,PP3503,Fis family transcriptional regulator,37,True,2,-,"[('CGG', 92, 3974601), ('CGG', 72, 3974581)]"
722,PP3504,hypothetical protein,55,True,2,+,"[('CCC', 93, 3974665), ('CCT', 92, 3974666)]"
723,PP3508,cobalamin biosynthesis protein CobW,217,True,5,-,"[('CCC', 101, 3982019), ('CCG', 100, 3982018), ('CCA', 93, 3982011), ('CCT', 82, 3982000), ('AGG', 72, 3981990)]"
730,PP3627,hypothetical protein,55,True,1,-,"[('GGG', 72, 4123339)]"
731,PP3631,hypothetical protein,6,True,2,+,"[('CGG', 82, 4127544), ('CGG', 68, 4127558)]"
734,PP3648,carboxymuconolactone decarboxylase,15,True,2,+,"[('TGG', 89, 4143866), ('CGG', 78, 4143877)]"
740,PP3669,LysR family transcriptional regulator,160,True,1,+,"[('AGG', 82, 4170037)]"
741,PP3668,catalase/peroxidase HPI,267,True,3,-,"[('CCT', 103, 4170262), ('TGG', 91, 4170250), ('CGG', 68, 4170227)]"
743,PP3693,"transcriptional regulator MvaT, P16 subunit",20,True,2,-,"[('CCC', 90, 4211601), ('CCT', 89, 4211600)]"
749,PP3738,GntR family transcriptional regulator,7,True,3,-,"[('CCA', 99, 4266564), ('CCG', 92, 4266557), ('CGG', 78, 4266543)]"
750,PP3742,glutathione S-transferase,25,True,2,-,"[('CGG', 69, 4272519), ('GGG', 68, 4272518)]"
754,PP3762,response regulator receiver protein,11,True,1,+,"[('CGG', 90, 4292733)]"
756,PP3765,"transcriptional regulator MvaT, P16 subunit",14,True,1,+,"[('CCA', 101, 4295607)]"
761,PP3778,pyrroline-5-carboxylate reductase,67,True,1,-,"[('GGG', 92, 4307025)]"
770,PP3814,polyamine ABC transporter substrate-binding protein,227,True,4,+,"[('CGG', 80, 4340039), ('GGG', 79, 4340040), ('GGG', 78, 4340041), ('AGG', 69, 4340050)]"
772,PP3825,hypothetical protein,18,True,3,+,"[('CCC', 83, 4352242), ('CCT', 82, 4352243), ('TGG', 78, 4352247)]"
774,PP3832,carbon storage regulator,145,True,2,+,"[('CCC', 91, 4357672), ('CCA', 90, 4357673)]"
777,PP3839,alcohol dehydrogenase,280,True,4,+,"[('CCT', 81, 4362554), ('TGG', 82, 4362553), ('GGG', 81, 4362554), ('CGG', 68, 4362567)]"
790,PP3951,3-oxoadipate CoA-transferase subunit A,262,True,2,+,"[('CGG', 71, 4457030), ('GGG', 70, 4457031)]"
791,PP3954,hypothetical protein,3,True,3,+,"[('CCA', 90, 4460442), ('CCA', 82, 4460450), ('TGG', 68, 4460464)]"
793,PP3957,choline/carnitine/betaine transporter family protein,77,True,1,-,"[('CCA', 100, 4466131)]"
794,PP3958,"sodium-proton antiporter, NhaA family",46,True,2,+,"[('CCG', 103, 4466109), ('TGG', 80, 4466132)]"
797,PP3963,hypothetical protein,46,True,1,+,"[('CCA', 103, 4473311)]"
798,PP3977,hypothetical protein,202,True,3,+,"[('CCC', 102, 4484521), ('CCC', 101, 4484522), ('CCA', 100, 4484523)]"
806,PP4004,DNA translocase FtsK,86,True,1,-,"[('CCT', 92, 4515169)]"
810,PP4009,ATP-dependent Clp protease adaptor protein ClpS,75,True,3,-,"[('CCG', 101, 4520088), ('CCT', 90, 4520077), ('TGG', 79, 4520066)]"
813,PP4027,hypothetical protein,23,True,3,+,"[('CCT', 89, 4538406), ('CCT', 83, 4538412), ('AGG', 68, 4538427)]"
816,PP4035,NCS1 nucleoside transporter,6,True,1,-,"[('TGG', 89, 4547440)]"
819,PP4061,hypothetical protein,1,True,2,+,"[('AGG', 89, 4585666), ('GGG', 82, 4585673)]"
821,PP4070,hypothetical protein,152,True,1,+,"[('CCT', 80, 4595301)]"
828,PP4119,NADH dehydrogenase subunit A,84,True,1,+,"[('CCT', 79, 4656022)]"
834,PP4139,hypothetical protein,5,True,4,+,"[('CCG', 100, 4676017), ('CCT', 93, 4676024), ('AGG', 72, 4676045), ('GGG', 71, 4676046)]"
843,PP4169,NAD(P)H-dependent glycerol-3-phosphate dehydrogenase,27,True,1,-,"[('TGG', 69, 4711637)]"
848,PP4193,"succinate dehydrogenase, cytochrome b556 subunit",101,True,1,-,"[('TGG', 68, 4739290)]"
849,PP4194,type II citrate synthase,31,True,1,+,"[('AGG', 92, 4739351)]"
854,PP4247,exonuclease,34,True,2,+,"[('CCA', 83, 4834109), ('GGG', 82, 4834110)]"
864,PP4282,aquaporin Z,0,True,3,-,"[('CCA', 100, 4873719), ('CCA', 93, 4873712), ('AGG', 92, 4873711)]"
866,PP4317,hypothetical protein,9,True,3,-,"[('CCC', 99, 4908132), ('CCG', 91, 4908124), ('GGG', 72, 4908105)]"
872,PP4344,flagellar biosynthesis protein FlhA,200,True,2,-,"[('CCG', 91, 4936880), ('CCG', 80, 4936869)]"
873,PP4345,GntR family transcriptional regulator,10,True,2,+,"[('CCA', 100, 4936897), ('AGG', 88, 4936909)]"
875,PP4364,anti-sigma-factor antagonist,13,True,4,-,"[('CCC', 103, 4954861), ('CCG', 102, 4954860), ('CCG', 91, 4954849), ('CCA', 81, 4954839)]"
880,PP4378,flagellin FliC,33,True,2,-,"[('CCC', 103, 4970378), ('CCA', 102, 4970377)]"
887,PP4405,PAS/PAC sensor-containing diguanylate cyclase,24,True,2,-,"[('TGG', 91, 4998215), ('GGG', 90, 4998214)]"
889,PP4419,"transposase, OrfA",91,True,3,+,"[('CCT', 102, 5013997), ('CCC', 90, 5014009), ('CCA', 89, 5014010)]"
897,PP4473,aspartate kinase,1,True,4,-,"[('TGG', 91, 5081630), ('AGG', 88, 5081627), ('TGG', 79, 5081618), ('AGG', 70, 5081609)]"
898,PP4474,alanyl-tRNA synthetase,38,True,2,-,"[('CCG', 89, 5084392), ('TGG', 80, 5084383)]"
901,PP4486,amino acid ABC transporter substrate-binding protein,145,True,1,-,"[('CCA', 82, 5096992)]"
902,PP4495,amino acid ABC transporter permease,112,True,4,-,"[('CCT', 92, 5110909), ('AGG', 82, 5110899), ('GGG', 81, 5110898), ('GGG', 80, 5110897)]"
903,PP4496,,65,True,1,-,"[('CCC', 99, 5112575)]"
909,PP4516,ATP-dependent DNA helicase RecQ,86,True,1,-,"[('GGG', 92, 5131581)]"
911,PP4527,hypothetical protein,2,True,1,-,"[('TGG', 89, 5143874)]"
912,PP4534,hypothetical protein,123,True,3,-,"[('CCG', 100, 5149100), ('CCA', 91, 5149091), ('TGG', 80, 5149080)]"
919,PP4557,hypothetical protein,100,True,3,-,"[('CCG', 89, 5179961), ('CGG', 91, 5179963), ('CGG', 68, 5179940)]"
921,PP4564,lipoprotein,17,True,2,+,"[('CCT', 100, 5183747), ('CGG', 90, 5183757)]"
926,PP4591,ribonuclease D,10,True,3,-,"[('CCC', 80, 5210224), ('CCA', 79, 5210223), ('AGG', 78, 5210222)]"
928,PP4602,AraC family transcriptional regulator,166,True,1,-,"[('CGG', 68, 5222823)]"
929,PP4603,"ISPpu9, transposase",208,True,2,-,"[('CCG', 103, 5224607), ('CGG', 70, 5224574)]"
934,PP4635,trans-2-enoyl-CoA reductase,49,True,2,-,"[('CCT', 93, 5259298), ('TGG', 79, 5259284)]"
941,PP4651,"ubiquinol oxidase subunit I, cyanide insensitive",104,True,7,-,"[('CCA', 101, 5276901), ('CCC', 90, 5276890), ('CCA', 89, 5276889), ('CGG', 88, 5276888), ('CCA', 81, 5276881), ('CGG', 79, 5276879), ('GGG', 78, 5276878)]"
945,PP4674,exodeoxyribonuclease V subunit gamma,298,True,1,-,"[('CCG', 93, 5307642)]"
949,PP4680,acetolactate synthase 3 catalytic subunit,226,True,1,-,"[('AGG', 89, 5319688)]"
953,PP4693,C4-type zinc finger DksA/TraR family protein,70,True,4,+,"[('CCT', 101, 5331600), ('CCA', 91, 5331610), ('CCG', 79, 5331622), ('CGG', 72, 5331629)]"
955,PP4697,poly(A) polymerase,285,True,5,+,"[('TGG', 91, 5338397), ('GGG', 90, 5338398), ('GGG', 89, 5338399), ('CCC', 79, 5338409), ('AGG', 72, 5338416)]"
956,PP4699,3-methyl-2-oxobutanoate hydroxymethyltransferase,96,True,1,+,"[('CCC', 79, 5340719)]"
957,PP4701,glucose-6-phosphate isomerase,25,True,3,+,"[('CCA', 93, 5342643), ('CCT', 83, 5342653), ('CCA', 79, 5342657)]"
961,PP4714,hypothetical protein,30,True,3,-,"[('CCC', 83, 5360951), ('CCG', 82, 5360950), ('AGG', 81, 5360949)]"
963,PP4718,ATP-dependent metalloprotease FtsH,94,True,2,-,"[('CGG', 89, 5366738), ('GGG', 88, 5366737)]"
966,PP4724,carbamoyl phosphate synthase small subunit,189,True,5,-,"[('CCC', 99, 5373457), ('CCC', 93, 5373451), ('CCA', 92, 5373450), ('AGG', 91, 5373449), ('TGG', 69, 5373427)]"
969,PP4738,hypothetical protein,153,True,3,+,"[('CCC', 91, 5389377), ('CCC', 90, 5389378), ('CCA', 89, 5389379)]"
970,PP4739,hypothetical protein,118,True,2,+,"[('CGG', 81, 5390570), ('TGG', 78, 5390573)]"
973,PP4770,periplasmic ligand-binding sensor protein,7,True,1,-,"[('CCT', 103, 5431347)]"
976,PP4776,AsnC family transcriptional regulator,274,True,2,+,"[('CCA', 89, 5437591), ('CCA', 83, 5437597)]"
981,PP4794,leucyl-tRNA synthetase,66,True,2,+,"[('CCG', 90, 5456113), ('CCG', 83, 5456120)]"
983,PP4803,serine-type D-Ala-D-Ala carboxypeptidase,106,True,1,-,"[('CGG', 70, 5466799)]"
986,PP4812,3-methyladenine DNA glycosylase,16,True,4,+,"[('GGG', 92, 5474992), ('CCC', 82, 5475002), ('CCG', 81, 5475003), ('CGG', 72, 5475012)]"
991,PP4830,"precorrin-6y C5,15-methyltransferase subunit CbiE",112,True,1,+,"[('CGG', 79, 5496737)]"
992,PP4840,D-alanine/D-serine/glycine permease,61,True,5,+,"[('CCT', 91, 5506588), ('AGG', 88, 5506591), ('CCG', 80, 5506599), ('CGG', 69, 5506610), ('GGG', 68, 5506611)]"
994,PP4867,ABC transporter substrate-binding protein,21,True,3,-,"[('CCG', 103, 5534598), ('CCG', 93, 5534588), ('CGG', 70, 5534565)]"
998,PP4877,30S ribosomal protein S6,51,True,2,-,"[('CCC', 83, 5544994), ('CCG', 82, 5544993)]"
1004,PP4890,ATP phosphoribosyltransferase,113,True,3,-,"[('CGG', 90, 5560699), ('GGG', 89, 5560698), ('CGG', 78, 5560687)]"
1007,PP4911,hypothetical protein,17,True,3,-,"[('CGG', 91, 5583453), ('CGG', 71, 5583433), ('GGG', 70, 5583432)]"
1008,PP4922,thiamine biosynthesis protein ThiC,0,True,6,-,"[('CCC', 93, 5596171), ('CCC', 92, 5596170), ('CCC', 91, 5596169), ('CCA', 90, 5596168), ('AGG', 69, 5596147), ('GGG', 68, 5596146)]"
1009,PP4923,TolC family type I secretion outer membrane protein,48,True,1,+,"[('CCA', 79, 5596373)]"
1017,PP4954,YccS/YhfK family integral membrane protein,27,True,2,+,"[('CCT', 90, 5644531), ('CGG', 80, 5644541)]"
1019,PP4955,hypothetical protein,21,True,2,-,"[('CGG', 82, 5647690), ('AGG', 70, 5647678)]"
1022,PP4965,transketolase,11,True,1,-,"[('CGG', 90, 5657795)]"
1025,PP4975,thioesterase,176,True,1,-,"[('GGG', 92, 5667962)]"
1029,PP4992,response regulator receiver protein,87,True,3,-,"[('AGG', 70, 5690499), ('GGG', 69, 5690498), ('GGG', 68, 5690497)]"
1030,PP5003,poly(3-hydroxyalkanoate) polymerase 1,108,True,3,+,"[('CCC', 93, 5699322), ('CCA', 92, 5699323), ('AGG', 88, 5699327)]"
1039,PP5038,hypothetical protein,5,True,6,-,"[('CCA', 100, 5741434), ('GGG', 92, 5741426), ('GGG', 82, 5741416), ('TGG', 79, 5741413), ('GGG', 78, 5741412), ('GGG', 72, 5741406)]"
1042,PP5041,glycogen/starch/alpha-glucan phosphorylase,7,True,3,-,"[('CCG', 102, 5745973), ('TGG', 91, 5745962), ('GGG', 90, 5745961)]"
1044,PP5046,"glutamine synthetase, type I",34,True,5,+,"[('CCC', 102, 5751897), ('CCA', 101, 5751898), ('CCA', 92, 5751907), ('CGG', 88, 5751911), ('TGG', 81, 5751918)]"
1045,PP5050,"ISPpu10, transposase",251,True,2,+,"[('CCT', 81, 5756679), ('TGG', 72, 5756688)]"
1052,PP5061,choline/carnitine/betaine transporter,275,True,1,-,"[('CCA', 80, 5773317)]"
1055,PP5084,penicillin-binding protein,65,True,7,+,"[('CCT', 93, 5805254), ('CCC', 83, 5805264), ('CCC', 82, 5805265), ('CCG', 81, 5805266), ('CGG', 81, 5805266), ('TGG', 72, 5805275), ('GGG', 71, 5805276)]"
1057,PP5089,arginyl-tRNA synthetase,32,True,1,+,"[('CCG', 101, 5812947)]"
1059,PP5091,hypothetical protein,45,True,1,-,"[('TGG', 90, 5816161)]"
1068,PP5128,dihydroxy-acid dehydratase,125,True,2,+,"[('CCA', 91, 5849080), ('CCA', 83, 5849088)]"
1069,PP5129,hypothetical protein,39,True,2,-,"[('CCC', 81, 5852413), ('CCA', 80, 5852412)]"
1070,PP5131,sodium:dicarboxylate symporter,15,True,3,+,"[('CCA', 83, 5853883), ('TGG', 81, 5853885), ('GGG', 80, 5853886)]"
1078,PP5154,FAD linked oxidase domain-containing protein,82,True,3,-,"[('CCC', 100, 5881420), ('CCG', 99, 5881419), ('TGG', 90, 5881410)]"
1080,PP5157,hypothetical protein,108,True,1,+,"[('CCT', 79, 5883230)]"
1082,PP5160,hypothetical protein,12,True,1,+,"[('CCA', 93, 5885156)]"
1085,PP5184,glutamine synthetase,117,True,2,+,"[('CCT', 89, 5912526), ('CGG', 72, 5912543)]"
1094,PP5215,thioredoxin,90,True,2,-,"[('TGG', 80, 5949200), ('GGG', 79, 5949199)]"
1095,PP5218,DedA family protein,53,True,3,+,"[('CCC', 90, 5953087), ('CCG', 89, 5953088), ('TGG', 78, 5953099)]"
1098,PP5234,nitrogen regulatory protein P-II,19,True,1,-,"[('CGG', 78, 5968174)]"
1099,PP5238,hypothetical protein,70,True,1,+,"[('CCT', 82, 5972062)]"
1100,PP5247,hypothetical protein,28,True,1,+,"[('CCG', 83, 5989179)]"
1107,PP5285,bifunctional phosphopantothenoylcysteine decarboxylase/phosphopantothenate synthase,10,True,5,+,"[('CCT', 102, 6033566), ('CCC', 90, 6033578), ('CCA', 89, 6033579), ('CCC', 80, 6033588), ('CCT', 79, 6033589)]"
1109,PP5290,"ISPpu10, transposase",150,True,2,-,"[('CCT', 82, 6039212), ('TGG', 78, 6039208)]"
1116,PP5313,histone family protein DNA-binding protein,10,True,3,-,"[('CCA', 93, 6061470), ('CCC', 82, 6061459), ('CCG', 81, 6061458)]"
1117,PP5315,rubredoxin-type Fe(Cys)4 protein,72,True,4,-,"[('CCC', 100, 6063059), ('CCC', 99, 6063058), ('CGG', 82, 6063041), ('AGG', 78, 6063037)]"
1119,PP5322,hypothetical protein,16,True,1,+,"[('CCG', 93, 6067249)]"
1121,PP5330,major facilitator family transporter,33,True,2,-,"[('CCG', 99, 6079357), ('TGG', 79, 6079337)]"
1122,PP5331,thioesterase,139,True,2,+,"[('CGG', 90, 6079358), ('TGG', 80, 6079368)]"
1126,PP5347,pyruvate carboxylase subunit A,73,True,3,-,"[('CCT', 91, 6096861), ('CCC', 83, 6096853), ('CCA', 82, 6096852)]"
1129,PP5354,hypothetical protein,7,True,8,+,"[('CCC', 81, 6104048), ('CCC', 80, 6104049), ('CCG', 79, 6104050), ('CGG', 81, 6104048), ('GGG', 80, 6104049), ('CGG', 71, 6104058), ('GGG', 70, 6104059), ('GGG', 69, 6104060)]"
1130,PP5355,sodium/hydrogen exchanger,91,True,2,-,"[('CCG', 90, 6106639), ('TGG', 69, 6106618)]"
1132,PP5357,pyridoxamine kinase,4,True,1,-,"[('CCA', 102, 6108258)]"
1133,PP5393,heavy metal transport/detoxification protein,10,True,3,-,"[('GGG', 92, 6147918), ('CGG', 70, 6147896), ('GGG', 69, 6147895)]"
1135,PP5400,hypothetical protein,111,True,2,+,"[('CCA', 103, 6156347), ('AGG', 70, 6156380)]"
